0.000001000,01C,cilk
0.000000000,01C,cilk
0.000000000,01C,cilk
0.000000000,01C,cilk
0.000000000,01C,cilk
0.000000000,01C,cilk
0.000001000,01C,cilk
0.000000000,01C,cilk
0.000000000,01C,cilk
0.000000000,01C,cilk
0.000000000,01C,cilk
0.000000000,01C,cilk
0.000000000,01C,cilk
0.000000000,01C,cilk
0.000000000,01C,cilk
0.000000000,01C,cilk
0.000000000,01C,cilk
0.000000000,01C,cilk
0.000001000,01C,cilk
0.000000000,01C,cilk
0.000000000,01C,cilk
0.000000000,01C,cilk
0.000000000,01C,cilk
0.000000000,01C,cilk
0.000000000,01C,cilk
0.000000000,01C,cilk
0.000000000,01C,cilk
0.000000000,01C,cilk
0.000000000,01C,cilk
0.000000000,01C,cilk
