4.4599999999999984e-07,4.3e-07,6.2e-07,3.9e-07,1.1025641025641024,1.5897435897435896,01E,272,cilk,30,50,clock_gettime,fast,[],[],galahad
4.476666666666666e-07,4.3e-07,6e-07,3.8e-07,1.131578947368421,1.5789473684210524,01F,272,cilk,30,50,clock_gettime,fast,[],[],galahad
4.5133333333333306e-07,4.4e-07,6.8e-07,3.5e-07,1.2571428571428573,1.9428571428571428,01N,272,cilk,30,50,clock_gettime,fast,[],[],galahad
0.0577358431,0.05766182,0.059309617,0.053213461,1.0835946190382169,1.1145604116973336,01E,272,openmp,30,50,clock_gettime,fast,[,],[],galahad
0.0583826428,0.058470621,0.06253776,0.054244251,1.0779136944853382,1.1528919442541476,01F,272,openmp,30,50,clock_gettime,fast,[,],[],galahad
0.08844977103333333,0.09004061099999999,0.111174466,0.068565095,1.3132135381712806,1.6214440598383184,01N,272,openmp,30,50,clock_gettime,fast,[,],[],galahad
0.00043704833333333326,0.00039296549999999996,0.000640851,0.000355611,1.1050431510836278,1.8021124205944137,01E,272,pthreads,30,50,clock_gettime,fast,[x,x,x],[],galahad
0.00042626763333333324,0.00041337549999999996,0.000637381,0.000347501,1.1895663609601121,1.8341846498283458,01F,272,pthreads,30,50,clock_gettime,fast,[x,x,x],[],galahad
0.009370158600000001,0.009366874,0.009514409,0.009209588,1.0170785055748424,1.0330982232864272,01N,272,pthreads,30,50,clock_gettime,fast,[x,x,x],[],galahad
5.270000000000001e-07,5.2e-07,6.6e-07,4.8e-07,1.0833333333333335,1.3750000000000002,01C,272,serial,30,50,clock_gettime,fast,[],[],galahad
4.0499999999999983e-07,4e-07,5.4e-07,3.6e-07,1.1111111111111112,1.5,01E,272,serial,30,50,clock_gettime,fast,[],[],galahad
4.0099999999999985e-07,4e-07,4.3e-07,3.8e-07,1.0526315789473684,1.131578947368421,01F,272,serial,30,50,clock_gettime,fast,[],[],galahad
4.426666666666665e-07,4.2e-07,7.2e-07,3.7e-07,1.135135135135135,1.9459459459459458,01C,272,cilk,30,50,clock_gettime,fast,[],[],galahad
4.273333333333332e-07,4.2e-07,5.9e-07,3.8e-07,1.1052631578947367,1.5526315789473684,01D,272,cilk,30,50,clock_gettime,fast,[],[],galahad
0.010558941400000002,0.01049071,0.011357091,0.00965501,1.0865560988543772,1.1762899261626865,01B,272,openmp,30,50,clock_gettime,fast,[,],[],galahad
0.0915218380666667,0.09142402250000001,0.103570619,0.079485116,1.1502030455613854,1.3030190331482943,01C,272,openmp,30,50,clock_gettime,fast,[,],[],galahad
0.07121748829999999,0.0705209675,0.078924316,0.066458613,1.0611260800763327,1.1875709172564284,01D,272,openmp,30,50,clock_gettime,fast,[,],[],galahad
0.012163591633333333,0.0120947515,0.013905454,0.011931211,1.0137069489425674,1.1654687860268331,01C,272,pthreads,30,50,clock_gettime,fast,[x,x,x],[],galahad
9.678231292517006e-08,9.979591836734694e-08,9.979591836734694e-08,9.979591836734694e-08,1.0,1.0,02C,272,cilk,30,50,clock_gettime,fast,[],[],galahad
1.6837965986394133e-06,2.9997959183676223e-06,2.9997959183676223e-06,2.9997959183676223e-06,1.0,1.0,02D,272,cilk,30,50,clock_gettime,fast,[],[],galahad
0.000596098887755102,0.000575713,0.000575713,0.000575713,1.0,1.0,02C,272,openmp,30,50,clock_gettime,fast,[,],[],galahad
2.2886090476190478e-05,1.7484714285714344e-05,1.7484714285714344e-05,1.7484714285714344e-05,1.0,1.0,02D,272,openmp,30,50,clock_gettime,fast,[,],[],galahad
0.00017645026326530607,0.0001857962857142857,0.0001857962857142857,0.0001857962857142857,1.0,1.0,02C,272,pthreads,30,50,clock_gettime,fast,[x,x,x],[],galahad
0.00021577775646258504,0.00022137448979591838,0.00022137448979591838,0.00022137448979591838,1.0,1.0,02G,272,pthreads,30,50,clock_gettime,fast,[x,x,x],[],galahad
9.905442176870744e-08,9.959183673469389e-08,9.959183673469389e-08,9.959183673469389e-08,1.0,1.0,02C,272,serial,30,50,clock_gettime,fast,[],[],galahad
1.8248606666667095e-06,1.3e-07,0.00034138,1.3e-07,1.0,2626.0,03C,272,cilk,30,50,clock_gettime,fast,[],[],galahad
1.8377333333332886e-07,1.3e-07,4.07e-06,1.3e-07,1.0,31.307692307692307,03D,272,cilk,30,50,clock_gettime,fast,[],[],galahad
3.6065366666666675e-05,4.1e-07,0.00032349,2.8e-07,1.4642857142857142,1155.3214285714284,03E,272,cilk,30,50,clock_gettime,fast,[],[],galahad
2.8968366666666665e-05,3.6e-07,0.000458211,2.5e-07,1.44,1832.844,03F,272,cilk,30,50,clock_gettime,fast,[],[],galahad
0.00012819855266666655,8.01e-06,0.028977072,-1.0,-8.01e-06,-0.028977072,03C,272,openmp,30,50,clock_gettime,fast,[,],[],galahad
5.158933000000008e-05,1.07e-05,0.022891713,-1.0,-1.07e-05,-0.022891713,03D,272,openmp,30,50,clock_gettime,fast,[,],[],galahad
2.2436666666666664e-06,1.59e-06,1.332e-05,1.4e-07,11.357142857142856,95.14285714285714,03E,272,openmp,30,50,clock_gettime,fast,[,],[],galahad
1.5180000000000001e-06,1.32e-06,3.99e-06,1.6e-07,8.25,24.9375,03F,272,openmp,30,50,clock_gettime,fast,[,],[],galahad
0.005798962566666652,0.005804618500000001,0.010815195,0.000971072,5.977536681111185,11.13737704310288,03C,272,pthreads,30,50,clock_gettime,fast,[x,x,x],[],galahad
0.00015844523333333332,0.00016799000000000002,0.000231891,7.754e-05,2.1664947124065,2.9905984008253803,03E,272,pthreads,30,50,clock_gettime,fast,[x,x,x],[],galahad
0.00015582796666666667,0.0001582655,0.00025051,7.6871e-05,2.058845338294025,3.2588362321291515,03F,272,pthreads,30,50,clock_gettime,fast,[x,x,x],[],galahad
1.0968000000000097e-07,1e-07,7.9e-07,7e-08,1.4285714285714284,11.285714285714285,03C,272,serial,30,50,clock_gettime,fast,[],[],galahad
5.466666666666667e-07,5.7e-07,8e-07,4.2e-07,1.3571428571428572,1.9047619047619047,03E,272,serial,30,50,clock_gettime,fast,[],[],galahad
5.693333333333334e-07,6e-07,7.7e-07,4.3e-07,1.3953488372093021,1.7906976744186047,03F,272,serial,30,50,clock_gettime,fast,[],[],galahad
1.9814000000000026e-07,1.4e-07,3.094e-05,1.1e-07,1.2727272727272727,281.27272727272725,04C,272,cilk,30,50,clock_gettime,fast,[],[],galahad
1.691139999999993e-07,1.4e-07,9.7e-07,1.1e-07,1.2727272727272727,8.818181818181818,04D,272,cilk,30,50,clock_gettime,fast,[],[],galahad
4.4699999999999975e-07,4.3e-07,5.9e-07,3.9e-07,1.1025641025641024,1.5128205128205126,04E,272,cilk,30,50,clock_gettime,fast,[],[],galahad
4.286666666666665e-07,4.2e-07,6e-07,3.8e-07,1.1052631578947367,1.5789473684210524,04F,272,cilk,30,50,clock_gettime,fast,[],[],galahad
0.0007101943646666671,0.00037018049999999996,0.029589962,6.3e-06,58.75880952380952,4696.8193650793655,04C,272,openmp,30,50,clock_gettime,fast,[,],[],galahad
3.025466666666655e-07,2.4e-07,3.171e-05,1.3e-07,1.846153846153846,243.92307692307693,04D,272,openmp,30,50,clock_gettime,fast,[,],[],galahad
0.0583705451,0.057919297499999994,0.068898168,0.055474619,1.044068414422098,1.2419764072647348,04E,272,openmp,30,50,clock_gettime,fast,[,],[],galahad
0.05779119800000001,0.057955417999999995,0.059789025,0.054071628,1.0718267628265232,1.1057374673460916,04F,272,openmp,30,50,clock_gettime,fast,[,],[],galahad
0.00030184873266666666,0.0002856005,0.001012421,0.000220791,1.2935332509024373,4.5854269422213765,04C,272,pthreads,30,50,clock_gettime,fast,[x,x,x],[],galahad
0.0005383800000000001,0.0005271259999999999,0.000642441,0.00044567,1.1827720061929228,1.4415172661386226,04E,272,pthreads,30,50,clock_gettime,fast,[x,x,x],[],galahad
0.0005311377666666668,0.000503151,0.000728371,0.000430751,1.1680785418954338,1.6909328126922514,04F,272,pthreads,30,50,clock_gettime,fast,[x,x,x],[],galahad
1.4550666666666815e-07,1e-07,2.799e-05,9e-08,1.1111111111111112,311.0,04C,272,serial,30,50,clock_gettime,fast,[],[],galahad
4.1166666666666655e-07,4e-07,5.2e-07,3.7e-07,1.081081081081081,1.4054054054054055,04E,272,serial,30,50,clock_gettime,fast,[],[],galahad
4.2133333333333324e-07,4.2e-07,5e-07,3.7e-07,1.135135135135135,1.3513513513513513,04F,272,serial,30,50,clock_gettime,fast,[],[],galahad
0.14994682523333333,0.149517799,0.166709609,0.137416567,1.0880623949803667,1.2131696536997612,06A,272,cilk,30,50,clock_gettime,fast,[],[],galahad
0.07246597060000001,0.072574079,0.079691814,0.066881236,1.0851186871008185,1.1915421838196891,06A,272,openmp,30,50,clock_gettime,fast,[,],[],galahad
0.5282921623000001,0.52818771,0.584699896,0.485381394,1.0881910937031096,1.204619507932766,06A,272,pthreads,30,50,clock_gettime,fast,[x,x,x],[],galahad
2.6587333333333332e-05,2.486e-05,8.758e-05,2.334e-05,1.0651242502142244,3.75235646958012,06A,272,serial,30,50,clock_gettime,fast,[],[],galahad
